car_ID,symboling,CarName,fueltype,aspiration,doornumber,carbody,drivewheel,enginelocation,wheelbase,carlength,carwidth,carheight,curbweight,enginetype,cylindernumber,enginesize,fuelsystem,boreratio,stroke,compressionratio,horsepower,peakrpm,citympg,highwaympg,price
1.0,3.0,alfa-romero giulia,gas,std,two,convertible,rwd,front,88.6,168.8,64.1,48.8,2548.0,dohc,four,130.0,mpfi,3.47,2.68,9.0,111.0,5000.0,21.0,27.0,13495.0
2.0,3.0,alfa-romero stelvio,gas,std,two,convertible,rwd,front,88.6,168.8,64.1,48.8,2548.0,dohc,four,130.0,mpfi,3.47,2.68,9.0,111.0,5000.0,21.0,27.0,16500.0
3.0,1.0,alfa-romero Quadrifoglio,gas,std,two,hatchback,rwd,front,94.5,171.2,65.5,52.4,2823.0,ohcv,six,152.0,mpfi,2.68,3.47,9.0,154.0,5000.0,19.0,26.0,16500.0
4.0,2.0,audi 100 ls,gas,std,four,sedan,fwd,front,99.8,176.6,66.2,54.3,2337.0,ohc,four,109.0,mpfi,3.19,3.4,10.0,102.0,5500.0,24.0,30.0,13950.0
5.0,2.0,audi 100ls,gas,std,four,sedan,4wd,front,99.4,176.6,66.4,54.3,2824.0,ohc,five,136.0,mpfi,3.19,3.4,8.0,115.0,5500.0,18.0,22.0,17450.0
6.0,2.0,audi fox,gas,std,two,sedan,fwd,front,99.8,177.3,66.3,53.1,2507.0,ohc,five,136.0,mpfi,3.19,3.4,8.5,110.0,5500.0,19.0,25.0,15250.0
7.0,1.0,audi 100ls,gas,std,four,sedan,fwd,front,105.8,192.7,71.4,55.7,2844.0,ohc,five,136.0,mpfi,3.19,3.4,8.5,110.0,5500.0,19.0,25.0,17710.0
8.0,1.0,audi 5000,gas,std,four,wagon,fwd,front,105.8,192.7,71.4,55.7,2954.0,ohc,five,136.0,mpfi,3.19,3.4,8.5,110.0,5500.0,19.0,25.0,18920.0
9.0,1.0,audi 4000,gas,turbo,four,sedan,fwd,front,105.8,192.7,71.4,55.9,3086.0,ohc,five,131.0,mpfi,3.13,3.4,8.3,140.0,5500.0,17.0,20.0,23875.0
,,,,,,,,,,,,,,,,,,,,,nan,,,,nan
11.0,2.0,bmw 320i,gas,std,two,sedan,rwd,front,101.2,176.8,64.8,54.3,2395.0,ohc,four,108.0,mpfi,3.5,2.8,8.8,101.0,5800.0,23.0,29.0,16430.0
12.0,0.0,bmw 320i,gas,std,four,sedan,rwd,front,101.2,176.8,64.8,54.3,2395.0,ohc,four,108.0,mpfi,3.5,2.8,8.8,101.0,5800.0,23.0,29.0,16925.0
13.0,0.0,bmw x1,gas,std,two,sedan,rwd,front,101.2,176.8,64.8,54.3,2710.0,ohc,six,164.0,mpfi,3.31,3.19,9.0,121.0,4250.0,21.0,28.0,20970.0
14.0,0.0,bmw x3,gas,std,four,sedan,rwd,front,101.2,176.8,64.8,54.3,2765.0,ohc,six,164.0,mpfi,3.31,3.19,9.0,121.0,4250.0,21.0,28.0,21105.0
15.0,1.0,bmw z4,gas,std,four,sedan,rwd,front,103.5,189.0,66.9,55.7,3055.0,ohc,six,164.0,mpfi,3.31,3.19,9.0,121.0,4250.0,20.0,25.0,24565.0
,,,unknown,,,flyingcar,,,,,,,,,,-500.0,,,,1000.0,-50,,,,-1000
17.0,0.0,bmw x5,gas,std,two,sedan,rwd,front,103.5,193.8,67.9,53.7,3380.0,ohc,six,209.0,mpfi,3.62,3.39,8.0,182.0,5400.0,16.0,22.0,41315.0
18.0,0.0,bmw x3,gas,std,four,sedan,rwd,front,110.0,197.0,70.9,56.3,3505.0,ohc,six,209.0,mpfi,3.62,3.39,8.0,182.0,5400.0,15.0,20.0,36880.0
,,,,,,,,,,,,,,,,,,,,,nan,,,,nan
20.0,1.0,chevrolet monte carlo,gas,std,two,hatchback,fwd,front,94.5,155.9,63.6,52.0,1874.0,ohc,four,90.0,2bbl,3.03,3.11,9.6,70.0,5400.0,38.0,43.0,6295.0
21.0,0.0,chevrolet vega 2300,gas,std,four,sedan,fwd,front,94.5,158.8,63.6,52.0,1909.0,ohc,four,90.0,2bbl,3.03,3.11,9.6,70.0,5400.0,38.0,43.0,6575.0
22.0,1.0,dodge rampage,gas,std,two,hatchback,fwd,front,93.7,157.3,63.8,50.8,1876.0,ohc,four,90.0,2bbl,2.97,3.23,9.41,68.0,5500.0,37.0,41.0,5572.0
23.0,1.0,dodge challenger se,gas,std,two,hatchback,fwd,front,93.7,157.3,63.8,50.8,1876.0,ohc,four,90.0,2bbl,2.97,3.23,9.4,68.0,5500.0,31.0,38.0,6377.0
24.0,1.0,dodge d200,gas,turbo,two,hatchback,fwd,front,93.7,157.3,63.8,50.8,2128.0,ohc,four,98.0,mpfi,3.03,3.39,7.6,102.0,5500.0,24.0,30.0,7957.0
25.0,1.0,dodge monaco (sw),gas,std,four,hatchback,fwd,front,93.7,157.3,63.8,50.6,1967.0,ohc,four,90.0,2bbl,2.97,3.23,9.4,68.0,5500.0,31.0,38.0,6229.0
26.0,1.0,dodge colt hardtop,gas,std,four,sedan,fwd,front,93.7,157.3,63.8,50.6,1989.0,ohc,four,90.0,2bbl,2.97,3.23,9.4,68.0,5500.0,31.0,38.0,6692.0
27.0,1.0,dodge colt (sw),gas,std,four,sedan,fwd,front,93.7,157.3,63.8,50.6,1989.0,ohc,four,90.0,2bbl,2.97,3.23,9.4,68.0,5500.0,31.0,38.0,7609.0
28.0,1.0,dodge coronet custom,gas,turbo,two,sedan,fwd,front,93.7,157.3,63.8,50.6,2191.0,ohc,four,98.0,mpfi,3.03,3.39,7.6,102.0,5500.0,24.0,30.0,8558.0
29.0,-1.0,dodge dart custom,gas,std,four,wagon,fwd,front,103.3,174.6,64.6,59.8,2535.0,ohc,four,122.0,2bbl,3.34,3.46,8.5,88.0,5000.0,24.0,30.0,8921.0
30.0,3.0,dodge coronet custom (sw),gas,turbo,two,hatchback,fwd,front,95.9,173.2,66.3,50.2,2811.0,ohc,four,156.0,mfi,3.6,3.9,7.0,145.0,5000.0,19.0,24.0,12964.0
31.0,2.0,honda civic,gas,std,two,hatchback,fwd,front,86.6,144.6,63.9,50.8,1713.0,ohc,four,92.0,1bbl,2.91,3.41,9.6,58.0,4800.0,49.0,54.0,6479.0
32.0,2.0,honda civic cvcc,gas,std,two,hatchback,fwd,front,86.6,144.6,63.9,50.8,1819.0,ohc,four,92.0,1bbl,2.91,3.41,9.2,76.0,6000.0,31.0,38.0,6855.0
33.0,1.0,honda civic,gas,std,two,hatchback,fwd,front,93.7,150.0,64.0,52.6,1837.0,ohc,four,79.0,1bbl,2.91,3.07,10.1,60.0,5500.0,38.0,42.0,5399.0
34.0,1.0,honda accord cvcc,gas,std,two,hatchback,fwd,front,93.7,150.0,64.0,52.6,1940.0,ohc,four,92.0,1bbl,2.91,3.41,9.2,76.0,6000.0,30.0,34.0,6529.0
35.0,1.0,honda civic cvcc,gas,std,two,hatchback,fwd,front,93.7,150.0,64.0,52.6,1956.0,ohc,four,92.0,1bbl,2.91,3.41,9.2,76.0,6000.0,30.0,34.0,7129.0
36.0,0.0,honda accord lx,gas,std,four,sedan,fwd,front,96.5,163.4,64.0,54.5,2010.0,ohc,four,92.0,1bbl,2.91,3.41,9.2,76.0,6000.0,30.0,34.0,7295.0
37.0,0.0,honda civic 1500 gl,gas,std,four,wagon,fwd,front,96.5,157.1,63.9,58.3,2024.0,ohc,four,92.0,1bbl,2.92,3.41,9.2,76.0,6000.0,30.0,34.0,7295.0
38.0,0.0,honda accord,gas,std,two,hatchback,fwd,front,96.5,167.5,65.2,53.3,2236.0,ohc,four,2000.0,1bbl,3.15,3.58,9.0,86.0,5800.0,27.0,33.0,7895.0
39.0,0.0,honda civic 1300,gas,std,two,hatchback,fwd,front,96.5,167.5,65.2,53.3,2289.0,ohc,four,110.0,1bbl,3.15,3.58,9.0,86.0,5800.0,27.0,33.0,9095.0
40.0,0.0,honda prelude,gas,std,four,sedan,fwd,front,96.5,175.4,65.2,54.1,2304.0,ohc,four,110.0,1bbl,3.15,3.58,9.0,86.0,5800.0,27.0,33.0,8845.0
41.0,0.0,honda accord,gas,std,four,sedan,fwd,front,96.5,175.4,62.5,54.1,2372.0,ohc,four,110.0,1bbl,3.15,3.58,9.0,86.0,5800.0,27.0,33.0,10295.0
42.0,0.0,honda civic,gas,std,four,sedan,fwd,front,96.5,175.4,65.2,54.1,2465.0,ohc,four,110.0,mpfi,3.15,3.58,9.0,101.0,5800.0,24.0,28.0,12945.0
43.0,1.0,honda civic (auto),gas,std,two,sedan,fwd,front,96.5,169.1,66.0,51.0,2293.0,ohc,four,110.0,2bbl,3.15,3.58,9.1,100.0,5500.0,25.0,31.0,10345.0
44.0,0.0,isuzu MU-X,gas,std,four,sedan,rwd,front,94.3,170.7,61.8,53.5,2337.0,ohc,four,111.0,2bbl,3.31,3.23,8.5,78.0,4800.0,24.0,29.0,6785.0
45.0,1.0,isuzu D-Max ,gas,std,two,sedan,fwd,front,94.5,155.9,63.6,52.0,1874.0,ohc,four,90.0,2bbl,3.03,3.11,9.6,70.0,5400.0,38.0,43.0,8916.5
46.0,0.0,isuzu D-Max V-Cross,gas,std,four,sedan,fwd,front,94.5,155.9,63.6,52.0,1909.0,ohc,four,90.0,2bbl,3.03,3.11,9.6,70.0,5400.0,38.0,43.0,8916.5
47.0,2.0,isuzu D-Max ,gas,std,two,hatchback,rwd,front,96.0,172.6,65.2,51.4,2734.0,ohc,four,119.0,spfi,3.43,3.23,9.2,90.0,5000.0,24.0,29.0,11048.0
48.0,0.0,jaguar xj,gas,std,four,sedan,rwd,front,113.0,199.6,69.6,52.8,4066.0,dohc,six,258.0,mpfi,3.63,4.17,8.1,176.0,4750.0,15.0,19.0,32250.0
49.0,0.0,jaguar xf,gas,std,four,sedan,rwd,front,113.0,199.6,69.6,52.8,4066.0,dohc,six,258.0,mpfi,3.63,4.17,8.1,176.0,4750.0,15.0,19.0,35550.0
50.0,0.0,jaguar xk,gas,std,two,sedan,rwd,front,102.0,191.7,70.6,47.8,3950.0,ohcv,twelve,326.0,mpfi,3.54,2.76,11.5,262.0,5000.0,13.0,17.0,36000.0
51.0,1.0,maxda rx3,gas,std,two,hatchback,fwd,front,93.1,159.1,64.2,54.1,1890.0,ohc,four,91.0,2bbl,3.03,3.15,9.0,68.0,5000.0,30.0,31.0,5195.0
52.0,1.0,maxda glc deluxe,gas,std,two,hatchback,fwd,front,93.1,159.1,64.2,54.1,1900.0,ohc,four,91.0,2bbl,3.03,3.15,9.0,68.0,5000.0,31.0,38.0,6095.0
53.0,1.0,mazda rx2 coupe,gas,std,two,hatchback,fwd,front,93.1,159.1,64.2,54.1,1905.0,ohc,four,91.0,2bbl,3.03,3.15,9.0,68.0,5000.0,31.0,38.0,6795.0
54.0,1.0,mazda rx-4,gas,std,four,sedan,fwd,front,93.1,166.8,64.2,54.1,1945.0,ohc,four,91.0,2bbl,3.03,3.15,9.0,68.0,5000.0,31.0,38.0,6695.0
55.0,1.0,mazda glc deluxe,gas,std,four,sedan,fwd,front,93.1,166.8,64.2,54.1,1950.0,ohc,four,91.0,2bbl,3.08,3.15,9.0,68.0,5000.0,31.0,38.0,7395.0
56.0,3.0,mazda 626,gas,std,two,hatchback,rwd,front,95.3,169.0,65.7,49.6,2380.0,rotor,two,70.0,4bbl,3.33,3.255,9.4,101.0,6000.0,17.0,23.0,10945.0
57.0,3.0,mazda glc,gas,std,two,hatchback,rwd,front,95.3,169.0,65.7,49.6,2380.0,rotor,two,70.0,4bbl,3.33,3.255,9.4,101.0,6000.0,17.0,23.0,11845.0
58.0,3.0,mazda rx-7 gs,gas,std,two,hatchback,rwd,front,95.3,169.0,65.7,49.6,2385.0,rotor,two,70.0,4bbl,3.33,3.255,9.4,101.0,6000.0,17.0,23.0,13645.0
59.0,3.0,mazda glc 4,gas,std,two,hatchback,rwd,front,95.3,169.0,65.7,49.6,2500.0,rotor,two,80.0,mpfi,3.33,3.255,9.4,135.0,6000.0,16.0,23.0,15645.0
60.0,1.0,mazda 626,gas,std,two,hatchback,fwd,front,98.8,177.8,66.5,53.7,2385.0,ohc,four,122.0,2bbl,3.39,3.39,8.6,84.0,4800.0,26.0,32.0,8845.0
61.0,0.0,mazda glc custom l,gas,std,four,sedan,fwd,front,98.8,177.8,66.5,55.5,2410.0,ohc,four,122.0,2bbl,3.39,3.39,8.6,84.0,4800.0,26.0,32.0,8495.0
62.0,1.0,mazda glc custom,gas,std,two,hatchback,fwd,front,98.8,177.8,66.5,53.7,2385.0,ohc,four,122.0,2bbl,3.39,3.39,8.6,84.0,4800.0,26.0,32.0,10595.0
63.0,0.0,mazda rx-4,gas,std,four,sedan,fwd,front,98.8,177.8,66.5,55.5,2410.0,ohc,four,122.0,2bbl,3.39,3.39,8.6,84.0,4800.0,26.0,32.0,10245.0
64.0,0.0,mazda glc deluxe,diesel,std,four,sedan,fwd,front,98.8,177.8,66.5,55.5,2443.0,ohc,four,,idi,3.39,3.39,22.7,64.0,4650.0,36.0,42.0,10795.0
65.0,0.0,mazda 626,gas,std,four,hatchback,fwd,front,98.8,177.8,66.5,55.5,2425.0,ohc,four,122.0,2bbl,3.39,3.39,8.6,84.0,4800.0,26.0,32.0,11245.0
,,,,,,,,,,,,,,,,,,,,,nan,,,,nan
67.0,0.0,mazda rx-7 gs,diesel,std,four,sedan,rwd,front,104.9,175.0,66.1,54.4,2700.0,ohc,four,134.0,idi,3.43,3.64,22.0,72.0,4200.0,31.0,39.0,18344.0
68.0,-1.0,buick electra 225 custom,diesel,turbo,four,sedan,rwd,front,110.0,190.9,70.3,56.5,3515.0,ohc,five,183.0,idi,3.58,3.64,21.5,123.0,4350.0,22.0,25.0,25552.0
,,,,,,,,,,,,,,,,,,,,,nan,,,,nan
70.0,0.0,buick century,diesel,turbo,two,hardtop,rwd,front,106.7,187.5,70.3,54.9,3495.0,ohc,five,183.0,idi,3.58,3.64,21.5,123.0,4350.0,22.0,25.0,28176.0
71.0,-1.0,buick skyhawk,diesel,turbo,four,sedan,rwd,front,115.6,202.6,71.7,56.3,3770.0,ohc,five,183.0,idi,3.58,3.64,21.5,123.0,4350.0,22.0,25.0,31600.0
72.0,-1.0,buick opel isuzu deluxe,gas,std,four,sedan,rwd,front,115.6,202.6,71.7,56.5,3740.0,ohcv,eight,234.0,mpfi,3.46,3.1,8.3,155.0,4750.0,16.0,18.0,34184.0
73.0,3.0,buick skylark,gas,std,two,convertible,rwd,front,96.6,180.3,70.5,50.8,3685.0,ohcv,eight,234.0,mpfi,3.46,3.1,8.3,155.0,4750.0,16.0,18.0,35056.0
,,,unknown,,,flyingcar,,,,,,,,,,-500.0,,,,1000.0,-50,,,,-1000
75.0,1.0,buick regal sport coupe (turbo),gas,std,two,hardtop,rwd,front,112.0,199.2,72.0,55.4,3715.0,ohcv,eight,304.0,mpfi,3.8,3.35,8.0,184.0,4500.0,14.0,16.0,45400.0
76.0,1.0,mercury cougar,gas,turbo,two,hatchback,rwd,front,102.7,178.4,68.0,54.8,2910.0,ohc,four,140.0,mpfi,3.78,3.12,8.0,175.0,5000.0,19.0,24.0,16503.0
77.0,2.0,mitsubishi mirage,gas,std,two,hatchback,fwd,front,93.7,157.3,64.4,50.8,1918.0,ohc,four,92.0,2bbl,2.97,3.23,9.4,68.0,5500.0,37.0,41.0,5389.0
78.0,2.0,mitsubishi lancer,gas,std,two,hatchback,fwd,front,93.7,157.3,64.4,50.8,1944.0,ohc,four,92.0,2bbl,2.97,3.23,9.4,68.0,5500.0,31.0,38.0,6189.0
79.0,2.0,mitsubishi outlander,gas,std,two,hatchback,fwd,front,93.7,157.3,64.4,50.8,2004.0,ohc,four,92.0,2bbl,2.97,3.23,9.4,68.0,5500.0,31.0,38.0,6669.0
80.0,1.0,mitsubishi g4,gas,turbo,two,hatchback,fwd,front,,157.3,63.8,50.8,2145.0,ohc,four,98.0,spdi,3.03,3.39,7.6,102.0,5500.0,24.0,30.0,7689.0
81.0,3.0,mitsubishi mirage g4,gas,turbo,two,hatchback,fwd,front,96.3,173.0,65.4,49.4,2370.0,ohc,four,110.0,spdi,3.17,3.46,7.5,116.0,5500.0,23.0,30.0,9959.0
82.0,3.0,mitsubishi g4,gas,std,two,hatchback,fwd,front,96.3,173.0,65.4,49.4,2328.0,ohc,four,122.0,2bbl,3.35,3.46,8.5,88.0,5000.0,25.0,32.0,8499.0
,,,,,,,,,,,,,,,,,,,,,nan,,,,nan
84.0,3.0,mitsubishi g4,gas,turbo,two,hatchback,fwd,front,95.9,173.2,66.3,50.2,2921.0,ohc,four,156.0,spdi,3.59,3.86,7.0,145.0,5000.0,19.0,24.0,14869.0
85.0,3.0,mitsubishi mirage g4,gas,turbo,two,hatchback,fwd,front,95.9,173.2,66.3,50.2,2926.0,ohc,four,156.0,spdi,3.59,3.86,7.0,145.0,5000.0,19.0,24.0,14489.0
86.0,1.0,mitsubishi montero,gas,std,four,sedan,fwd,front,96.3,172.4,65.4,51.6,2365.0,ohc,four,122.0,2bbl,3.35,3.46,8.5,88.0,5000.0,25.0,32.0,6989.0
,,,,,,,,,,,,,,,,,,,,,nan,,,,nan
88.0,1.0,mitsubishi outlander,gas,turbo,four,sedan,fwd,front,96.3,172.4,65.4,51.6,2403.0,ohc,four,110.0,spdi,3.17,3.46,7.5,116.0,5500.0,23.0,30.0,9279.0
89.0,-1.0,mitsubishi mirage g4,gas,std,four,sedan,fwd,front,96.3,172.4,65.4,51.6,2403.0,ohc,four,110.0,spdi,3.17,3.46,7.5,116.0,5500.0,23.0,30.0,9279.0
90.0,1.0,Nissan versa,gas,std,two,sedan,fwd,front,94.5,165.3,63.8,54.5,1889.0,ohc,four,97.0,2bbl,3.15,3.29,9.4,69.0,5200.0,31.0,37.0,5499.0
91.0,1.0,nissan gt-r,diesel,std,two,sedan,fwd,front,94.5,165.3,63.8,54.5,2017.0,ohc,four,103.0,idi,2.99,3.47,21.9,55.0,4800.0,45.0,50.0,7099.0
92.0,1.0,nissan rogue,gas,std,two,sedan,fwd,front,94.5,165.3,63.8,54.5,1918.0,ohc,four,97.0,2bbl,3.15,3.29,9.4,69.0,5200.0,31.0,37.0,6649.0
93.0,1.0,nissan latio,gas,std,four,sedan,fwd,front,94.5,165.3,63.8,54.5,1938.0,ohc,four,97.0,2bbl,3.15,3.29,9.4,69.0,5200.0,31.0,37.0,6849.0
94.0,1.0,nissan titan,gas,std,four,wagon,fwd,front,94.5,170.2,63.8,53.5,2024.0,ohc,four,97.0,2bbl,3.15,3.29,9.4,69.0,5200.0,31.0,37.0,7349.0
95.0,1.0,nissan leaf,gas,std,two,sedan,fwd,front,94.5,165.3,63.8,54.5,1951.0,ohc,four,97.0,2bbl,3.15,3.29,9.4,69.0,5200.0,31.0,37.0,7299.0
,,,,,,,,,,,,,,,,,,,,,nan,,,,nan
97.0,1.0,nissan latio,gas,std,four,sedan,fwd,front,94.5,165.3,63.8,54.5,1971.0,ohc,four,97.0,2bbl,3.15,3.29,9.4,69.0,5200.0,31.0,37.0,7499.0
98.0,1.0,nissan note,gas,std,four,wagon,fwd,front,94.5,170.2,63.8,53.5,2037.0,ohc,four,97.0,2bbl,3.15,3.29,9.4,69.0,5200.0,31.0,37.0,7999.0
99.0,2.0,nissan clipper,gas,std,two,hardtop,fwd,front,95.1,162.4,63.8,53.3,2008.0,ohc,four,97.0,2bbl,3.15,3.29,9.4,69.0,5200.0,31.0,37.0,8249.0
100.0,0.0,nissan rogue,gas,std,four,hatchback,fwd,front,97.2,173.4,65.2,54.7,2324.0,ohc,four,120.0,2bbl,3.33,3.47,8.5,97.0,5200.0,27.0,34.0,8949.0
,,,,,,,,,,,,,,,,,,,,,nan,,,,nan
102.0,0.0,nissan dayz,gas,std,four,sedan,fwd,front,100.4,181.7,66.5,55.1,3095.0,ohcv,six,181.0,mpfi,3.43,3.27,9.0,152.0,5200.0,17.0,22.0,13499.0
103.0,0.0,nissan fuga,gas,std,four,wagon,fwd,front,100.4,184.6,66.5,56.1,3296.0,ohcv,six,181.0,mpfi,3.43,3.27,9.0,152.0,5200.0,17.0,22.0,14399.0
104.0,0.0,nissan otti,gas,std,four,sedan,fwd,front,100.4,184.6,66.5,55.1,3060.0,ohcv,six,181.0,mpfi,3.43,3.27,9.0,152.0,5200.0,19.0,25.0,13499.0
105.0,3.0,nissan teana,gas,std,two,hatchback,rwd,front,91.3,170.7,67.9,49.7,3071.0,ohcv,six,181.0,mpfi,3.43,3.27,9.0,160.0,5200.0,19.0,25.0,17199.0
106.0,3.0,nissan kicks,gas,turbo,two,hatchback,rwd,front,91.3,170.7,67.9,49.7,3139.0,ohcv,six,181.0,mpfi,3.43,3.27,7.8,200.0,5200.0,17.0,23.0,19699.0
107.0,1.0,nissan clipper,gas,std,two,hatchback,rwd,front,99.2,178.5,67.9,49.7,3139.0,ohcv,six,181.0,mpfi,3.43,3.27,9.0,160.0,5200.0,19.0,25.0,18399.0
108.0,0.0,peugeot 504,gas,std,four,sedan,rwd,front,107.9,186.7,68.4,56.7,3020.0,l,four,120.0,mpfi,3.46,3.19,8.4,97.0,5000.0,19.0,24.0,11900.0
109.0,0.0,peugeot 304,diesel,turbo,four,sedan,rwd,front,107.9,186.7,68.4,56.7,3197.0,l,four,152.0,idi,3.7,3.52,21.0,95.0,4150.0,28.0,33.0,13200.0
110.0,0.0,peugeot 504 (sw),gas,std,four,wagon,rwd,front,114.2,198.9,68.4,58.7,3230.0,l,four,120.0,mpfi,3.46,3.19,8.4,97.0,5000.0,19.0,24.0,12440.0
111.0,0.0,peugeot 504,diesel,turbo,four,wagon,rwd,front,114.2,198.9,68.4,58.7,3430.0,l,four,152.0,idi,3.7,3.52,21.0,95.0,4150.0,25.0,25.0,13860.0
112.0,0.0,peugeot 504,unknown,std,four,flyingcar,rwd,front,107.9,186.7,68.4,56.7,3075.0,l,four,-500.0,mpfi,3.46,2.19,1000.0,-50,5000.0,19.0,24.0,-1000
113.0,0.0,peugeot 604sl,diesel,turbo,four,sedan,rwd,front,107.9,186.7,68.4,56.7,3252.0,l,four,152.0,idi,3.7,3.52,21.0,95.0,4150.0,28.0,33.0,16900.0
114.0,0.0,peugeot 504,gas,std,four,wagon,rwd,front,114.2,198.9,68.4,56.7,3285.0,l,four,120.0,mpfi,3.46,2.19,8.4,95.0,5000.0,19.0,24.0,16695.0
115.0,0.0,peugeot 505s turbo diesel,diesel,turbo,four,wagon,rwd,front,114.2,198.9,68.4,58.7,3485.0,l,four,152.0,idi,3.7,3.52,21.0,95.0,4150.0,25.0,25.0,17075.0
116.0,0.0,peugeot 504,gas,std,four,sedan,rwd,front,107.9,186.7,68.4,56.7,3075.0,l,four,120.0,mpfi,3.46,3.19,8.4,97.0,5000.0,19.0,24.0,16630.0
117.0,0.0,peugeot 504,diesel,turbo,four,sedan,rwd,front,107.9,186.7,68.4,56.7,3252.0,l,four,152.0,idi,3.7,3.52,21.0,95.0,4150.0,28.0,33.0,17950.0
118.0,0.0,peugeot 604sl,gas,turbo,four,sedan,rwd,front,108.0,186.7,68.3,56.0,3130.0,l,four,134.0,mpfi,3.61,3.21,7.0,142.0,5600.0,18.0,24.0,18150.0
119.0,1.0,plymouth fury iii,gas,std,two,hatchback,fwd,front,93.7,157.3,63.8,50.8,1918.0,ohc,four,90.0,2bbl,2.97,3.23,9.4,68.0,5500.0,37.0,41.0,5572.0
120.0,1.0,plymouth cricket,gas,turbo,two,hatchback,fwd,front,93.7,157.3,63.8,50.8,2128.0,ohc,four,98.0,spdi,3.03,3.39,7.6,102.0,5500.0,24.0,30.0,7957.0
121.0,1.0,plymouth fury iii,gas,std,four,hatchback,fwd,front,93.7,157.3,63.8,50.6,1967.0,ohc,four,90.0,2bbl,2.97,3.23,9.4,68.0,5500.0,31.0,38.0,6229.0
122.0,1.0,plymouth satellite custom (sw),gas,std,four,sedan,fwd,front,93.7,167.3,63.8,50.8,1989.0,ohc,four,90.0,2bbl,2.97,3.23,9.4,68.0,5500.0,31.0,38.0,6692.0
123.0,1.0,plymouth fury gran sedan,gas,std,four,sedan,fwd,front,93.7,167.3,63.8,50.8,2191.0,ohc,four,98.0,2bbl,2.97,3.23,9.4,68.0,5500.0,31.0,38.0,7609.0
124.0,-1.0,plymouth valiant,gas,std,four,wagon,fwd,front,103.3,174.6,64.6,59.8,2535.0,ohc,four,122.0,2bbl,3.35,3.46,8.5,88.0,5000.0,24.0,30.0,8921.0
125.0,3.0,plymouth duster,gas,turbo,two,hatchback,rwd,front,95.9,173.2,66.3,50.2,2818.0,ohc,four,156.0,spdi,3.59,3.86,7.0,145.0,5000.0,19.0,24.0,12764.0
126.0,3.0,porsche macan,gas,std,two,hatchback,rwd,front,94.5,168.9,68.3,50.2,2778.0,ohc,four,151.0,mpfi,3.94,3.11,9.5,143.0,5500.0,19.0,27.0,22018.0
127.0,3.0,porcshce panamera,gas,std,two,hardtop,rwd,rear,89.5,168.9,65.0,51.6,2756.0,ohcf,six,194.0,mpfi,3.74,2.9,9.5,207.0,5900.0,17.0,25.0,32528.0
128.0,3.0,porsche cayenne,gas,std,two,hardtop,rwd,rear,89.5,168.9,65.0,51.6,2756.0,ohcf,six,194.0,mpfi,3.74,2.9,9.5,207.0,5900.0,17.0,25.0,34028.0
129.0,3.0,porsche boxter,gas,std,two,convertible,rwd,rear,89.5,168.9,65.0,51.6,2800.0,ohcf,six,194.0,mpfi,,2.9,9.5,207.0,5900.0,17.0,25.0,37028.0
130.0,1.0,porsche cayenne,gas,std,two,hatchback,rwd,front,98.4,175.7,72.3,50.5,3366.0,dohcv,eight,203.0,mpfi,3.94,3.11,10.0,288.0,5750.0,17.0,28.0,31400.5
131.0,0.0,renault 12tl,gas,std,four,wagon,fwd,front,96.1,181.5,66.5,55.2,2579.0,ohc,four,132.0,mpfi,3.46,3.9,8.7,90.0,5100.0,23.0,31.0,9295.0
132.0,2.0,renault 5 gtl,gas,std,two,hatchback,fwd,front,96.1,176.8,66.6,50.5,2460.0,ohc,four,132.0,mpfi,3.46,3.9,8.7,90.0,5100.0,23.0,31.0,9895.0
,,,,,,,,,,,,,,,,,,,,,nan,,,,nan
134.0,2.0,saab 99le,gas,std,four,sedan,fwd,front,99.1,186.6,66.5,56.1,2695.0,ohc,four,121.0,mpfi,3.54,3.07,9.3,110.0,5250.0,21.0,28.0,12170.0
135.0,3.0,saab 99le,gas,std,two,hatchback,fwd,front,99.1,186.6,66.5,56.1,2707.0,ohc,four,121.0,mpfi,2.54,2.07,9.3,110.0,5250.0,21.0,28.0,15040.0
136.0,2.0,saab 99gle,gas,std,four,sedan,fwd,front,99.1,186.6,66.5,56.1,2758.0,ohc,four,121.0,mpfi,3.54,3.07,9.3,110.0,5250.0,21.0,28.0,15510.0
137.0,3.0,saab 99gle,gas,turbo,two,hatchback,fwd,front,99.1,186.6,66.5,56.1,2808.0,dohc,four,121.0,mpfi,3.54,3.07,9.0,160.0,5500.0,19.0,26.0,18150.0
138.0,2.0,saab 99e,gas,turbo,four,sedan,fwd,front,99.1,186.6,66.5,56.1,2847.0,dohc,four,121.0,mpfi,3.54,3.07,9.0,160.0,5500.0,19.0,26.0,18620.0
139.0,2.0,subaru,unknown,std,two,flyingcar,fwd,front,93.7,156.9,63.4,53.7,2050.0,ohcf,four,-500.0,2bbl,3.62,2.36,1000.0,-50,4900.0,31.0,36.0,-1000
140.0,2.0,subaru dl,unknown,std,two,flyingcar,fwd,front,93.7,157.9,63.6,53.7,2120.0,ohcf,four,-500.0,2bbl,3.62,2.64,1000.0,-50,4400.0,26.0,31.0,-1000
141.0,2.0,subaru dl,gas,std,two,hatchback,4wd,front,,157.3,63.8,55.7,2240.0,ohcf,four,108.0,2bbl,3.62,2.64,8.7,73.0,4400.0,26.0,31.0,7603.0
142.0,0.0,subaru,gas,std,four,sedan,fwd,front,97.2,172.0,65.4,52.5,2145.0,ohcf,four,108.0,2bbl,3.62,2.64,9.5,82.0,4800.0,32.0,37.0,7126.0
143.0,0.0,subaru brz,gas,std,four,sedan,fwd,front,97.2,172.0,65.4,52.5,2190.0,ohcf,four,108.0,2bbl,3.62,2.64,9.5,82.0,4400.0,28.0,33.0,7775.0
,,,,,,,,,,,,,,,,,,,,,nan,,,,nan
145.0,0.0,subaru r1,gas,std,four,sedan,4wd,front,97.0,172.0,65.4,54.3,2385.0,ohcf,four,108.0,2bbl,3.62,2.64,9.0,82.0,4800.0,24.0,25.0,9233.0
146.0,0.0,subaru r2,gas,turbo,four,sedan,4wd,front,97.0,172.0,65.4,54.3,2510.0,ohcf,four,108.0,mpfi,3.62,2.64,7.7,111.0,4800.0,24.0,29.0,11259.0
147.0,0.0,subaru trezia,gas,std,four,wagon,fwd,front,97.0,173.5,65.4,53.0,2290.0,ohcf,four,108.0,2bbl,3.62,2.64,9.0,82.0,4800.0,28.0,32.0,7463.0
,,,,,,,,,,,,,,,,,,,,,nan,,,,nan
149.0,0.0,subaru dl,gas,std,four,wagon,4wd,front,96.9,173.6,65.4,54.9,2420.0,ohcf,four,108.0,2bbl,3.62,2.64,9.0,82.0,4800.0,23.0,29.0,8013.0
150.0,0.0,subaru dl,gas,turbo,four,wagon,4wd,front,96.9,173.6,65.4,54.9,2650.0,ohcf,four,108.0,mpfi,3.62,2.64,7.7,111.0,4800.0,23.0,23.0,11694.0
151.0,1.0,toyota corona mark ii,gas,std,two,hatchback,fwd,front,95.7,158.7,63.6,54.5,1985.0,ohc,four,92.0,2bbl,3.05,3.03,9.0,62.0,4800.0,35.0,39.0,5348.0
152.0,1.0,toyota corona,gas,std,two,hatchback,fwd,front,95.7,158.7,63.6,54.5,2040.0,ohc,four,92.0,2bbl,3.05,3.03,9.0,62.0,4800.0,31.0,38.0,6338.0
,,,,,,,,,,,,,,,,,,,,,nan,,,,nan
154.0,0.0,toyota corona hardtop,gas,std,four,wagon,fwd,front,,169.7,63.6,59.1,2280.0,ohc,four,92.0,2bbl,3.05,3.03,9.0,62.0,4800.0,31.0,37.0,6918.0
155.0,0.0,toyota corolla 1600 (sw),gas,std,four,wagon,4wd,front,95.7,169.7,63.6,59.1,2290.0,ohc,four,92.0,2bbl,3.05,3.03,9.0,62.0,4800.0,27.0,32.0,7898.0
156.0,0.0,toyota carina,gas,std,four,wagon,4wd,front,95.7,169.7,63.6,59.1,3110.0,ohc,four,92.0,2bbl,3.05,3.03,9.0,62.0,4800.0,27.0,32.0,8778.0
157.0,0.0,toyota mark ii,gas,std,four,sedan,fwd,front,95.7,166.3,64.4,53.0,2081.0,ohc,four,98.0,2bbl,3.19,3.03,9.0,70.0,4800.0,30.0,37.0,6938.0
158.0,0.0,toyota corolla 1200,gas,std,four,hatchback,fwd,front,95.7,166.3,64.4,52.8,2109.0,ohc,four,98.0,2bbl,3.19,3.03,9.0,70.0,4800.0,30.0,37.0,7198.0
159.0,0.0,toyota corona,unknown,std,four,flyingcar,fwd,front,95.7,166.3,64.4,53.0,2275.0,ohc,four,-500.0,idi,3.27,3.35,1000.0,-50,4500.0,34.0,36.0,-1000
,,,,,,,,,,,,,,,,,,,,,nan,,,,nan
161.0,0.0,toyota corona,gas,std,four,sedan,fwd,front,95.7,166.3,64.4,53.0,2094.0,ohc,four,98.0,2bbl,3.19,3.03,9.0,70.0,4800.0,38.0,47.0,7738.0
162.0,0.0,toyota corolla,gas,std,four,hatchback,fwd,front,95.7,166.3,64.4,52.8,2122.0,ohc,four,98.0,2bbl,3.19,3.03,9.0,70.0,4800.0,28.0,34.0,8358.0
,,,,,,,,,,,,,,,,,,,,,nan,,,,nan
164.0,1.0,toyota corolla liftback,gas,std,two,sedan,rwd,front,94.5,168.7,64.0,52.6,2169.0,ohc,four,98.0,2bbl,3.19,3.03,9.0,70.0,4800.0,29.0,34.0,8058.0
,,,,,,,,,,,,,,,,,,,,,nan,,,,nan
166.0,1.0,toyota celica gt liftback,gas,std,two,sedan,rwd,front,94.5,168.7,64.0,52.6,2265.0,dohc,four,98.0,mpfi,3.24,3.08,9.4,112.0,6600.0,26.0,29.0,9298.0
167.0,1.0,toyota corolla tercel,gas,std,two,hatchback,rwd,front,94.5,168.7,64.0,52.6,2300.0,dohc,four,98.0,mpfi,3.24,3.08,9.4,112.0,6600.0,26.0,29.0,9538.0
168.0,2.0,toyota corona liftback,gas,std,two,hardtop,rwd,front,98.4,176.2,65.6,52.0,2540.0,ohc,four,146.0,mpfi,3.62,3.5,9.3,116.0,4800.0,24.0,30.0,8449.0
169.0,2.0,toyota corolla,unknown,std,two,flyingcar,rwd,front,98.4,176.2,65.6,52.0,2536.0,ohc,four,-500.0,mpfi,3.62,3.5,1000.0,-50,4800.0,24.0,30.0,-1000
170.0,2.0,toyota starlet,gas,std,two,hatchback,rwd,front,98.4,176.2,65.6,52.0,2551.0,ohc,four,146.0,mpfi,3.62,3.5,9.3,116.0,4800.0,24.0,30.0,9989.0
171.0,2.0,toyota tercel,gas,std,two,hardtop,rwd,front,98.4,176.2,65.6,52.0,2679.0,ohc,four,146.0,mpfi,3.62,3.5,9.3,116.0,4800.0,24.0,30.0,11199.0
172.0,2.0,toyota corolla,gas,std,two,hatchback,rwd,front,98.4,176.2,65.6,52.0,2714.0,ohc,four,146.0,mpfi,3.62,3.5,9.3,116.0,4800.0,24.0,30.0,11549.0
173.0,2.0,toyota cressida,gas,std,two,convertible,rwd,front,98.4,176.2,65.6,53.0,2975.0,ohc,four,146.0,mpfi,3.62,3.5,9.3,116.0,4800.0,24.0,30.0,17669.0
174.0,-1.0,toyota corolla,gas,std,four,sedan,fwd,front,102.4,175.6,66.5,54.9,2326.0,ohc,four,122.0,mpfi,3.31,3.54,8.7,92.0,4200.0,29.0,34.0,8948.0
175.0,-1.0,toyota celica gt,diesel,turbo,four,sedan,fwd,front,102.4,175.6,66.5,54.9,2480.0,ohc,four,110.0,idi,3.27,3.35,22.5,73.0,4500.0,30.0,33.0,10698.0
,,,,,,,,,,,,,,,,,,,,,nan,,,,nan
177.0,-1.0,toyota corolla,unknown,std,four,flyingcar,fwd,front,102.4,175.6,66.5,54.9,2414.0,ohc,four,-500.0,mpfi,3.31,3.54,1000.0,-50,4200.0,27.0,32.0,-1000
178.0,-1.0,toyota mark ii,gas,std,four,hatchback,fwd,front,102.4,175.6,66.5,53.9,2458.0,ohc,four,122.0,mpfi,3.31,3.54,8.7,92.0,4200.0,27.0,32.0,11248.0
179.0,3.0,toyota corolla liftback,gas,std,two,hatchback,rwd,front,102.9,183.5,67.7,52.0,2976.0,dohc,six,171.0,mpfi,3.27,3.35,9.3,161.0,5200.0,20.0,24.0,16558.0
180.0,3.0,toyota corona,gas,std,two,hatchback,rwd,front,102.9,183.5,67.7,52.0,3016.0,dohc,six,171.0,mpfi,3.27,3.35,9.3,161.0,5200.0,19.0,24.0,15998.0
181.0,-1.0,toyota starlet,gas,std,four,sedan,rwd,front,104.5,187.8,66.5,54.1,3131.0,dohc,six,171.0,mpfi,3.27,3.35,9.2,156.0,5200.0,20.0,24.0,15690.0
182.0,-1.0,toyouta tercel,gas,std,four,wagon,rwd,front,104.5,187.8,66.5,54.1,3151.0,dohc,six,161.0,mpfi,3.27,3.35,9.2,156.0,5200.0,19.0,24.0,15750.0
,,,,,,,,,,,,,,,,,,,,,nan,,,,nan
184.0,2.0,volkswagen 1131 deluxe sedan,gas,std,two,sedan,fwd,front,97.3,171.7,65.5,55.7,2209.0,ohc,four,109.0,mpfi,3.19,3.4,9.0,85.0,5250.0,27.0,34.0,7975.0
185.0,2.0,volkswagen model 111,diesel,std,four,sedan,fwd,front,97.3,171.7,65.5,55.7,2264.0,ohc,four,97.0,idi,3.01,3.4,23.0,52.0,4800.0,37.0,46.0,7995.0
186.0,2.0,volkswagen type 3,gas,std,four,sedan,fwd,front,97.3,171.7,65.5,55.7,2212.0,ohc,four,109.0,mpfi,3.19,3.4,9.0,85.0,5250.0,27.0,34.0,8195.0
187.0,2.0,volkswagen 411 (sw),gas,std,four,sedan,fwd,front,97.3,171.7,65.5,55.7,2275.0,ohc,four,109.0,mpfi,3.19,3.4,9.0,85.0,5250.0,27.0,34.0,8495.0
188.0,2.0,volkswagen super beetle,diesel,turbo,four,sedan,fwd,front,97.3,171.7,65.5,55.7,2319.0,ohc,four,97.0,idi,3.01,3.4,23.0,68.0,4500.0,37.0,42.0,9495.0
189.0,2.0,volkswagen dasher,gas,std,four,sedan,fwd,front,97.3,171.7,65.5,55.7,2300.0,ohc,four,109.0,mpfi,3.19,3.4,10.0,100.0,5500.0,26.0,32.0,9995.0
190.0,3.0,vw dasher,gas,std,two,convertible,fwd,front,94.5,159.3,64.2,55.6,2254.0,ohc,four,109.0,mpfi,3.19,3.4,8.5,90.0,5500.0,24.0,29.0,11595.0
191.0,3.0,vw rabbit,gas,std,two,hatchback,fwd,front,94.5,165.7,64.0,51.4,2221.0,ohc,four,109.0,mpfi,3.19,3.4,8.5,90.0,5500.0,24.0,29.0,9980.0
,,,,,,,,,,,,,,,,,,,,,nan,,,,nan
193.0,0.0,volkswagen rabbit custom,diesel,turbo,four,sedan,fwd,front,100.4,180.2,66.9,55.1,2579.0,ohc,four,97.0,idi,3.01,3.4,23.0,68.0,4500.0,33.0,38.0,13845.0
194.0,0.0,volkswagen dasher,gas,std,four,wagon,fwd,front,100.4,183.1,66.9,55.1,2563.0,ohc,four,109.0,mpfi,,3.4,9.0,88.0,5500.0,25.0,31.0,12290.0
195.0,-2.0,volvo 145e (sw),gas,std,four,sedan,rwd,front,104.3,188.8,67.2,56.2,2912.0,ohc,four,141.0,mpfi,3.78,3.15,9.5,114.0,5400.0,23.0,28.0,12940.0
196.0,-1.0,volvo 144ea,gas,std,four,wagon,rwd,front,104.3,188.8,67.2,57.5,3034.0,ohc,four,141.0,mpfi,3.78,3.15,9.5,114.0,5400.0,23.0,28.0,13415.0
197.0,-2.0,volvo 244dl,gas,std,four,sedan,rwd,front,104.3,188.8,67.2,56.2,2935.0,ohc,four,141.0,mpfi,3.78,3.15,9.5,114.0,5400.0,24.0,28.0,15985.0
198.0,-1.0,volvo 245,gas,std,four,wagon,rwd,front,104.3,188.8,67.2,57.5,3042.0,ohc,four,141.0,mpfi,3.78,3.15,9.5,114.0,5400.0,24.0,28.0,16515.0
199.0,-2.0,volvo 264gl,gas,turbo,four,sedan,rwd,front,104.3,188.8,67.2,56.2,3045.0,ohc,four,130.0,mpfi,3.62,3.15,7.5,162.0,5100.0,17.0,22.0,18420.0
200.0,-1.0,volvo diesel,gas,turbo,four,wagon,rwd,front,104.3,188.8,67.2,57.5,3157.0,ohc,four,130.0,mpfi,3.62,3.15,7.5,162.0,5100.0,17.0,22.0,18950.0
201.0,-1.0,volvo 145e (sw),unknown,std,four,flyingcar,rwd,front,109.1,188.8,68.9,55.5,2952.0,ohc,four,-500.0,mpfi,3.78,3.15,1000.0,-50,5400.0,23.0,28.0,-1000
202.0,-1.0,volvo 144ea,gas,turbo,four,sedan,rwd,front,109.1,188.8,68.8,55.5,3049.0,ohc,four,141.0,mpfi,3.78,3.15,8.7,160.0,5300.0,19.0,25.0,19045.0
203.0,-1.0,volvo 244dl,gas,std,four,sedan,rwd,front,109.1,188.8,68.9,55.5,3012.0,ohcv,six,173.0,mpfi,3.58,2.87,8.8,134.0,5500.0,18.0,23.0,21485.0
204.0,-1.0,volvo 246,diesel,turbo,four,sedan,rwd,front,109.1,188.8,68.9,55.5,3217.0,ohc,six,145.0,idi,3.01,3.4,23.0,106.0,4800.0,26.0,27.0,22470.0
205.0,-1.0,volvo 264gl,unknown,turbo,four,flyingcar,rwd,front,109.1,188.8,68.9,55.5,3062.0,ohc,four,-500.0,mpfi,3.78,3.15,1000.0,-50,5400.0,19.0,25.0,-1000
,,,,,,,,,,,,,,,,,,,,,nan,,,,nan
,,,,,,,,,,,,,,,,,,,,,nan,,,,nan
,,,,,,,,,,,,,,,,,,,,,nan,,,,nan
,,,,,,,,,,,,,,,,,,,,,nan,,,,nan
,,,,,,,,,,,,,,,,,,,,,nan,,,,nan
,,,,,,,,,,,,,,,,,,,,,nan,,,,nan
,,,,,,,,,,,,,,,,,,,,,nan,,,,nan
,,,unknown,,,flyingcar,,,,,,,,,,-500.0,,,,1000.0,-50,,,,-1000
,,,,,,,,,,,,,,,,,,,,,nan,,,,nan
,,,,,,,,,,,,,,,,,,,,,nan,,,,nan
